,city,lat,long,temp,humidity,cloudiness,windspeed,max temp,country,datetime
0,Saskylakh,71.92,114.08,-9.63,94,100,9.87,-9.63,RU,1603572140
1,Murud,18.33,72.97,25.32,87,43,2.0,25.32,IN,1603572140
2,Albany,42.6,-73.97,11.72,68,45,4.47,13.33,US,1603572004
3,Sibu,2.3,111.82,23.93,94,40,1.0,24.0,MY,1603571887
4,Fairbanks,64.84,-147.72,-4.37,92,90,1.27,-2.22,US,1603571949
5,Najrān,17.49,44.13,20.0,19,0,0.5,20.0,SA,1603572099
6,Ushuaia,-54.8,-68.3,10.0,70,75,6.7,10.0,AR,1603572082
7,Punta Arenas,-53.15,-70.92,5.77,93,90,6.2,6.0,CL,1603572141
8,Sisimiut,66.94,-53.67,-4.76,90,5,5.7,-4.76,GL,1603572141
9,Bredasdorp,-34.53,20.04,16.0,87,0,1.5,16.0,ZA,1603572142
10,Osakarovka,50.56,72.57,-0.12,81,95,8.09,-0.12,KZ,1603572142
11,Butaritari,3.07,172.79,27.81,66,18,3.16,27.81,KI,1603572142
12,Sinnamary,5.38,-52.95,28.43,74,41,5.62,28.43,GF,1603572142
13,Cherskiy,68.75,161.3,-8.31,93,4,2.45,-8.31,RU,1603572142
14,Qandala,11.47,49.87,27.58,29,70,1.62,27.58,SO,1603572143
15,Bluff,-46.6,168.33,21.67,57,85,6.71,21.67,NZ,1603572143
16,Vila Franca do Campo,37.72,-25.43,20.0,82,75,8.7,20.0,PT,1603572143
17,Autun,46.95,4.3,9.24,93,0,2.1,12.0,FR,1603572143
18,Cabo San Lucas,22.89,-109.91,31.17,66,5,4.1,32.22,MX,1603571849
19,Vokhma,58.93,46.76,-0.38,98,0,1.8,-0.38,RU,1603572144
20,Saint-Philippe,-21.36,55.77,19.3,64,0,2.6,22.0,RE,1603572144
21,Pambujan,12.56,124.93,26.04,89,100,3.42,26.04,PH,1603572144
22,Bo Phloi,14.32,99.52,21.52,75,10,1.39,21.52,TH,1603572145
23,Khatanga,71.97,102.5,-13.93,95,100,6.8,-13.93,RU,1603572145
24,Jamestown,42.1,-79.24,5.94,75,90,3.6,6.67,US,1603572123
25,Hong Kong,22.29,114.16,21.94,72,98,8.95,23.89,HK,1603572062
26,Port-Gentil,-0.72,8.78,26.0,88,40,4.6,26.0,GA,1603572145
27,Puerto Ayora,-0.74,-90.35,22.91,73,40,6.7,25.0,EC,1603572146
28,Hasaki,35.73,140.83,6.0,100,20,1.5,6.0,JP,1603572146
29,Airai,-8.93,125.41,16.16,100,6,0.44,16.16,TL,1603572146
30,Anjozorobe,-18.4,47.87,15.0,87,20,3.1,15.0,MG,1603572146
31,Mataura,-46.19,168.86,21.67,57,93,6.71,21.67,NZ,1603572146
32,Talnakh,69.49,88.4,-11.0,92,75,6.0,-11.0,RU,1603572147
33,Hamilton,39.18,-84.53,10.99,54,40,4.1,12.0,US,1603572147
34,Pisco,-13.7,-76.22,18.48,77,0,7.7,19.0,PE,1603572147
35,Tuktoyaktuk,69.45,-133.04,-9.0,100,75,2.1,-9.0,CA,1603572147
36,Batagay-Alyta,67.8,130.41,-12.28,86,100,2.5,-12.28,RU,1603572147
37,Kavaratti,10.57,72.64,27.44,74,51,3.32,27.44,IN,1603572148
38,Burnie,-41.07,145.92,6.67,50,0,4.47,6.67,AU,1603572148
39,Xaçmaz,41.46,48.81,16.84,46,0,2.0,16.84,AZ,1603572148
40,Pleshanovo,52.83,53.48,7.88,88,40,2.8,7.88,RU,1603572148
41,Wuda,39.5,106.71,7.67,55,0,1.5,7.67,CN,1603572149
42,Corinth,37.94,22.96,18.8,63,0,2.88,19.44,GR,1603572149
43,Cape Town,-33.93,18.42,15.52,93,20,2.6,17.22,ZA,1603572149
44,Emet,39.34,29.26,15.23,41,0,1.14,15.23,TR,1603572150
45,Al Bardīyah,31.76,25.09,21.74,80,0,7.25,21.74,LY,1603572150
46,Stepnogorsk,52.35,71.89,1.15,80,100,9.03,1.15,KZ,1603572150
47,Naifaru,5.44,73.37,28.15,74,100,4.9,28.15,MV,1603572150
48,Saint-Augustin,51.23,-58.65,7.75,82,100,6.88,7.75,CA,1603572151
49,Geraldton,-28.77,114.6,11.0,81,0,2.1,11.0,AU,1603572151
50,Dikson,73.51,80.55,-5.07,94,11,2.76,-5.07,RU,1603572151
51,Walvis Bay,-22.96,14.51,14.2,87,0,2.6,14.44,NA,1603572151
52,Villarrobledo,39.27,-2.6,9.44,83,0,2.68,9.44,ES,1603572152
53,Agüimes,27.91,-15.45,21.86,64,40,7.7,22.0,ES,1603572152
54,Torbay,47.67,-52.73,9.0,81,90,10.3,9.44,CA,1603572153
55,Busselton,-33.65,115.33,13.36,51,71,4.47,13.89,AU,1603572153
56,Ahipara,-35.17,173.17,18.68,74,14,2.3,18.68,NZ,1603572154
57,Tacoronte,28.48,-16.41,18.02,76,100,6.32,18.89,ES,1603572154
58,Rikitea,-23.12,-134.97,23.69,83,84,10.2,23.69,PF,1603572155
59,Castro,-24.79,-50.01,19.96,85,65,2.02,19.96,BR,1603572155
60,Esmeraldas,-19.76,-44.31,18.27,95,100,1.11,18.27,BR,1603572155
61,Vilnius,54.69,25.28,9.3,100,75,4.1,9.44,LT,1603572152
62,Chala,-7.58,31.27,18.0,68,0,1.24,18.0,TZ,1603572156
63,Tutóia,-2.76,-42.27,27.36,79,2,6.45,27.36,BR,1603572156
64,Faanui,-16.48,-151.75,26.19,74,45,3.37,26.19,PF,1603572156
65,Atuona,-9.8,-139.03,25.96,74,1,10.17,25.96,PF,1603572156
66,Kununurra,-15.77,128.73,27.0,88,65,2.1,27.0,AU,1603572157
67,Kumul,42.8,93.45,8.06,52,86,3.83,8.06,CN,1603571945
68,Porgera,-5.47,143.2,3.73,100,12,1.12,3.73,PG,1603572157
69,Mitsamiouli,-11.38,43.28,25.72,77,0,4.71,25.72,KM,1603572157
70,Tiksi,71.69,128.87,-11.07,92,99,10.83,-11.07,RU,1603572158
71,Upernavik,72.79,-56.15,-4.96,95,100,4.81,-4.96,GL,1603572158
72,Cururupu,-1.83,-44.87,26.34,75,16,1.88,26.34,BR,1603572158
73,Aurillac,44.92,2.45,8.19,93,0,2.1,10.0,FR,1603572158
74,Hithadhoo,-0.6,73.08,28.49,75,27,5.03,28.49,MV,1603572159
75,Manhuaçu,-20.26,-42.03,19.19,93,100,1.55,19.19,BR,1603572159
76,Hilo,19.73,-155.09,26.17,74,90,4.1,27.0,US,1603572159
77,Thompson,55.74,-97.86,-4.0,53,90,4.1,-4.0,CA,1603572159
78,Lavrentiya,65.58,-171.0,0.72,88,59,3.22,0.72,RU,1603572160
79,Luganville,-15.53,167.17,26.69,78,88,4.54,26.69,VU,1603572160
80,Inírida,3.87,-67.92,28.72,80,86,0.91,28.72,CO,1603572160
81,Port Said,31.26,32.28,25.1,64,23,6.14,25.1,EG,1603572160
82,Russell,32.35,-85.2,20.61,94,90,2.1,21.0,US,1603572160
83,Beloha,-25.17,45.05,20.35,84,100,1.83,20.35,MG,1603572161
84,Hermanus,-34.42,19.23,16.11,92,6,0.89,16.11,ZA,1603572161
85,Ponta do Sol,32.67,-17.1,18.41,68,40,2.6,20.0,PT,1603572161
86,Kaitangata,-46.28,169.85,18.29,56,100,3.84,18.29,NZ,1603572161
87,Cenotillo,20.97,-88.62,28.25,83,58,4.6,28.25,MX,1603572161
88,Norman Wells,65.28,-126.83,-6.0,92,75,2.1,-6.0,CA,1603572128
89,Charters Towers,-20.1,146.27,23.57,72,0,3.2,23.57,AU,1603572162
90,Roebourne,-20.78,117.13,18.25,86,0,3.79,18.25,AU,1603572162
91,Hobart,-42.88,147.33,6.14,73,40,4.6,7.0,AU,1603571998
92,Bethel,41.37,-73.41,14.76,79,96,0.45,15.0,US,1603572163
93,Buckeye,33.37,-112.58,28.96,28,1,3.52,30.56,US,1603572163
94,Ochakiv,46.61,31.55,15.33,72,0,5.31,15.56,UA,1603572163
95,Carnarvon,-24.87,113.63,21.0,100,75,7.2,21.0,AU,1603572164
96,Vagay,57.94,69.02,-1.91,98,100,5.64,-1.91,RU,1603572164
97,Yellowknife,62.46,-114.35,-3.36,58,40,4.6,-3.0,CA,1603572051
98,Yarmouth,41.71,-70.23,18.07,72,75,4.1,19.0,US,1603572123
99,Kapaa,22.08,-159.32,28.01,69,20,4.1,28.33,US,1603572164
100,Sukabumi,-6.92,106.93,25.56,86,100,0.96,25.56,ID,1603572165
101,Esim,4.87,-2.24,25.65,87,96,4.02,25.65,GH,1603572165
102,Avarua,-21.21,-159.78,25.0,69,37,6.2,25.0,CK,1603572165
103,Guaporé,-28.85,-51.89,26.57,68,95,0.3,28.33,BR,1603572165
104,Srednekolymsk,67.45,153.68,-10.24,94,1,2.32,-10.24,RU,1603572166
105,Jaicós,-7.36,-41.14,30.97,33,70,1.05,30.97,BR,1603572166
106,Marzuq,14.4,46.47,18.03,26,0,0.33,18.03,YE,1603572166
107,Ribeira Grande,38.52,-28.7,19.0,93,40,7.7,19.0,PT,1603572166
108,Codrington,-38.27,141.97,8.42,69,51,7.43,8.42,AU,1603572168
109,Broken Hill,-31.95,141.43,7.0,81,90,4.1,7.0,AU,1603572168
110,Si Racha,13.17,100.93,25.41,65,90,2.09,28.33,TH,1603572168
111,Shimoda,34.67,138.95,9.44,77,30,5.51,9.44,JP,1603572168
112,Lüderitz,-26.65,15.16,15.67,78,7,7.44,15.67,NA,1603572169
113,Wahiawā,21.5,-158.02,26.73,78,90,3.1,29.0,US,1603571908
114,Port Lincoln,-34.73,135.87,11.4,70,87,7.33,11.4,AU,1603572169
115,Faya,18.39,42.45,18.0,16,0,2.1,18.0,SA,1603572169
116,Rockhampton,-23.38,150.5,22.0,88,90,1.5,22.0,AU,1603571989
117,Zarand,30.81,56.56,5.53,65,0,0.93,5.53,IR,1603572170
118,Kalmunai,7.42,81.82,26.3,78,99,2.69,26.3,LK,1603572170
119,Meshcherino,55.2,38.36,8.44,87,75,2.0,9.0,RU,1603572170
120,Touros,-5.2,-35.46,27.0,74,20,4.6,27.0,BR,1603572170
121,Bambous Virieux,-20.34,57.76,21.85,78,75,5.1,23.0,MU,1603572171
122,Moree,-29.47,149.85,17.0,88,40,4.19,17.0,AU,1603572171
123,Hohhot,40.81,111.65,8.0,52,20,2.0,8.0,CN,1603572171
124,Saint Paul Harbor,57.79,-152.41,7.0,100,40,1.19,7.0,US,1603572146
125,Chernyshevskiy,63.01,112.47,-4.77,99,78,2.51,-4.77,RU,1603572171
126,Rock Springs,41.59,-109.2,8.0,31,90,5.7,8.0,US,1603571960
127,Nyimba,-14.56,30.81,25.92,27,23,3.46,25.92,ZM,1603572172
128,Saldanha,-33.01,17.94,16.0,87,0,3.6,16.0,ZA,1603572172
129,Bar Harbor,44.39,-68.2,13.51,87,90,2.6,14.44,US,1603572173
130,Lázaro Cárdenas,17.96,-102.2,29.83,74,54,4.1,29.83,MX,1603572173
131,Mar del Plata,-38.0,-57.56,15.94,88,90,4.1,17.0,AR,1603572011
132,Tommot,58.96,126.29,-4.97,96,51,0.78,-4.97,RU,1603572174
133,Deputatsky,69.3,139.9,-12.35,91,0,5.06,-12.35,RU,1603572174
134,Gornyy,55.12,83.91,-4.72,94,22,3.96,-4.72,RU,1603572175
135,Pudozh,61.81,36.53,2.64,82,100,2.53,2.64,RU,1603572175
136,Turan,16.07,108.22,21.0,94,75,1.5,21.0,VN,1603572175
137,Bras-Panon,-21.0,55.68,19.14,60,0,7.2,22.0,RE,1603572175
138,Barrow,71.29,-156.79,-1.0,86,90,5.1,-1.0,US,1603572002
139,Tambura,5.6,27.47,22.44,87,81,0.88,22.44,SS,1603572176
140,Nanortalik,60.14,-45.24,0.22,91,5,4.13,0.22,GL,1603572176
141,Mange,8.92,-12.85,30.0,70,75,4.6,30.0,SL,1603572176
142,Nikolskoye,59.7,30.79,2.51,90,0,2.0,3.89,RU,1603572177
143,Richards Bay,-28.78,32.04,21.55,81,0,6.32,21.55,ZA,1603572177
144,São Filipe,14.9,-24.5,27.44,74,95,4.6,27.44,CV,1603572177
145,Mount Gambier,-37.83,140.77,8.0,65,40,7.7,8.0,AU,1603572177
146,Camaquã,-30.85,-51.81,22.72,83,69,2.43,22.72,BR,1603572177
147,New Norfolk,-42.78,147.06,4.99,67,2,1.34,6.11,AU,1603572178
148,Keetmanshoop,-26.58,18.13,25.83,18,59,4.08,25.83,NA,1603572178
149,Kodinsk,58.69,99.18,-2.97,96,71,0.79,-2.97,RU,1603572178
150,Flinders,-34.58,150.86,13.18,83,95,3.13,13.89,AU,1603572178
151,Barcelona,41.39,2.16,17.01,72,0,5.7,17.78,ES,1603572064
152,Saint Anthony,45.02,-93.22,-0.53,54,75,3.1,0.0,US,1603572179
153,Seymchan,62.88,152.43,-2.63,95,96,1.21,-2.63,RU,1603572179
154,Saint George,37.1,-113.58,24.63,28,1,2.86,25.56,US,1603572005
155,Half Moon Bay,37.46,-122.43,18.88,68,90,2.1,20.0,US,1603572179
156,Qaanaaq,77.48,-69.36,-8.21,92,100,5.64,-8.21,GL,1603572180
157,Manono,-7.3,27.42,22.41,84,38,1.15,22.41,CD,1603572180
158,Haines Junction,60.75,-137.51,-2.98,74,100,0.53,-2.98,CA,1603572180
159,Kahului,20.89,-156.47,29.22,55,20,3.6,31.0,US,1603572181
160,Bandarbeyla,9.49,50.81,24.64,81,79,2.79,24.64,SO,1603572181
161,Paamiut,61.99,-49.67,-0.58,86,18,4.15,-0.58,GL,1603572181
162,Heihe,50.24,127.49,2.0,47,0,5.0,2.0,CN,1603572181
163,Marawi,8.0,124.29,23.33,91,100,1.79,23.33,PH,1603572182
164,Santa Rita,-7.11,-34.98,27.0,74,20,5.1,27.0,BR,1603572021
165,Tuatapere,-46.13,167.68,21.67,57,96,6.71,21.67,NZ,1603572182
166,Vaini,-21.2,-175.2,23.0,88,75,4.6,23.0,TO,1603572182
167,Sanghar,26.05,68.95,21.0,64,0,2.1,21.0,PK,1603572183
168,Shetpe,44.17,52.12,12.45,94,98,6.8,12.45,KZ,1603572183
169,Muros,42.78,-9.06,16.4,89,91,13.41,16.67,ES,1603572183
170,Province of Mantua,45.17,10.78,12.0,94,1,0.89,13.33,IT,1603572183
171,Cabinda,-5.55,12.2,25.07,84,97,3.01,25.07,AO,1603572183
172,Port Elizabeth,-33.92,25.57,17.78,82,19,0.45,17.78,ZA,1603572184
173,Cap Malheureux,-19.98,57.61,20.56,86,32,2.24,20.56,MU,1603572184
174,Clyde River,70.47,-68.59,-8.0,78,90,4.1,-8.0,CA,1603572184
175,Ferme-Neuve,46.7,-75.45,2.18,79,57,3.95,2.18,CA,1603572184
176,Labuhan,-6.88,112.21,26.4,82,100,2.8,26.4,ID,1603572185
177,Antofagasta,-23.65,-70.4,16.0,77,75,6.7,16.0,CL,1603572185
178,Constitución,-35.33,-72.42,13.83,76,100,8.06,13.83,CL,1603572185
179,Polovinnoye,54.79,65.99,2.89,94,100,6.39,2.89,RU,1603572185
180,Longyearbyen,78.22,15.64,-7.0,79,40,1.0,-7.0,SJ,1603572186
181,Wuhu,31.34,118.38,9.0,100,24,2.0,9.0,CN,1603572186
182,Ketchikan,55.34,-131.65,6.0,28,1,2.6,6.0,US,1603572186
183,Oranjestad,12.52,-70.03,31.0,74,40,8.2,31.0,AW,1603572186
184,Xai-Xai,-25.05,33.64,20.41,91,46,2.69,20.41,MZ,1603572187
185,Payo,-3.75,103.64,22.42,93,100,0.63,22.42,ID,1603572187
186,Borisoglebskiy,57.26,39.15,2.0,80,90,0.41,2.0,RU,1603572187
187,Dunmore Town,25.5,-76.65,27.05,76,100,4.1,27.05,BS,1603572187
188,Port Alfred,-33.59,26.89,18.78,89,11,1.91,18.78,ZA,1603572188
189,Jelenia Góra,50.9,15.73,7.59,93,1,2.17,8.89,PL,1603572188
190,Byron Bay,-28.65,153.62,20.94,94,8,2.6,21.67,AU,1603572092
191,Tucumcari,35.17,-103.72,23.0,23,1,9.3,23.0,US,1603572043
192,San Miguel de Cozumel,20.51,-86.95,30.19,74,75,3.1,31.0,MX,1603572188
193,Iqaluit,63.75,-68.51,-2.0,79,75,2.1,-2.0,CA,1603572189
194,Mayor Pablo Lagerenza,-19.93,-60.77,37.87,29,58,2.12,37.87,PY,1603572189
195,Talaya,61.38,152.75,-1.5,95,100,0.43,-1.5,RU,1603572189
196,Itarema,-2.92,-39.92,26.68,79,0,7.35,26.68,BR,1603572189
197,Bengkulu,-3.8,102.27,24.6,85,100,1.94,24.6,ID,1603572190
198,Semporna,4.48,118.61,23.0,94,20,0.75,23.0,MY,1603572190
199,Hay River,60.82,-115.8,-2.0,74,90,4.1,-2.0,CA,1603572190
200,Namatanai,-3.67,152.43,27.28,77,24,1.11,27.28,PG,1603572190
201,Grand Gaube,-20.01,57.66,20.56,86,39,2.24,20.56,MU,1603572191
202,Borger,52.92,6.79,14.07,83,100,4.02,14.44,NL,1603572191
203,Los Llanos de Aridane,28.66,-17.92,19.53,60,90,5.1,23.0,ES,1603572191
204,Mahibadhoo,3.78,72.97,28.29,75,82,5.38,28.29,MV,1603572191
205,Selkirk,50.14,-96.88,-1.51,68,40,6.7,-1.11,CA,1603572191
206,Brewster,41.4,-73.62,14.8,77,89,0.45,15.0,US,1603572192
207,Sur,22.57,59.53,24.67,58,0,4.34,24.67,OM,1603572192
208,Narsaq,60.92,-46.05,-1.0,68,7,2.1,-1.0,GL,1603572192
209,Esperance,-33.87,121.9,10.0,100,12,5.7,10.0,AU,1603572193
210,Muzhi,65.37,64.67,-10.3,97,70,2.69,-10.3,RU,1603572193
211,Ngunguru,-35.62,174.5,17.78,86,3,2.24,17.78,NZ,1603572193
212,Shache,38.42,77.24,6.59,50,100,0.97,6.59,CN,1603572194
213,Malanje,-9.54,16.34,18.92,94,38,1.05,18.92,AO,1603572194
214,Jacmel,18.23,-72.53,33.0,55,20,7.7,33.0,HT,1603572195
215,Jieshou,33.26,115.36,11.56,60,97,2.8,11.56,CN,1603572195
216,Leningradskiy,69.38,178.42,-5.59,93,40,3.05,-5.59,RU,1603572195
217,Jucurutu,-6.03,-37.02,31.42,46,100,3.73,31.42,BR,1603572196
218,Kiryat Gat,31.61,34.76,25.52,74,75,3.1,26.0,IL,1603572196
219,Port Keats,-14.25,129.55,27.52,81,30,3.46,27.52,AU,1603572196
220,Sioux Lookout,50.1,-91.92,-2.0,58,75,3.1,-2.0,CA,1603572072
221,Lompoc,34.64,-120.46,18.5,68,90,5.1,19.0,US,1603572196
222,Acapulco de Juárez,16.86,-99.89,31.0,74,40,3.6,31.0,MX,1603571988
223,Pundaguitan,6.37,126.17,27.75,77,100,3.74,27.75,PH,1603572197
224,Kutum,14.2,24.67,23.69,21,4,6.94,23.69,SD,1603572197
225,Guerrero Negro,27.98,-114.06,22.9,62,19,7.63,22.9,MX,1603572197
226,Pampas,-12.4,-74.9,16.9,52,77,4.1,16.9,PE,1603572198
227,Kalabo,-14.97,22.68,23.91,20,55,2.34,23.91,ZM,1603572198
228,Mercedes,-34.65,-59.43,24.99,86,80,5.36,26.11,AR,1603572198
229,Pangai,-19.8,-174.35,24.93,83,100,8.65,24.93,TO,1603572198
230,Ostrovnoy,68.05,39.51,-0.13,98,100,5.0,-0.13,RU,1603572198
231,Lorengau,-2.02,147.27,28.1,64,18,2.51,28.1,PG,1603572199
232,Maniitsoq,65.42,-52.9,-4.46,88,0,4.89,-4.46,GL,1603572199
233,Vila Velha,-20.33,-40.29,22.12,94,75,3.6,22.22,BR,1603572199
234,George Town,5.41,100.34,25.0,94,40,1.5,25.0,MY,1603572130
235,College,64.86,-147.8,-4.32,79,75,1.2,-2.22,US,1603572199
236,Taltal,-25.4,-70.48,16.64,64,23,3.38,16.64,CL,1603572020
237,Monte Patria,-30.69,-70.95,22.85,33,0,3.65,22.85,CL,1603572200
238,Yinchuan,38.47,106.27,10.88,45,69,1.35,10.88,CN,1603572200
239,Hualmay,-11.1,-77.61,19.52,73,25,4.24,19.52,PE,1603572200
240,Jalu,29.03,21.55,19.4,50,0,5.33,19.4,LY,1603572201
241,Departamento de Maldonado,-34.67,-54.92,18.64,82,20,5.1,20.56,UY,1603572201
242,Laguna,38.42,-121.42,19.83,52,1,3.6,20.0,US,1603571905
243,Sjenica,43.27,20.0,8.88,83,99,2.75,8.88,RS,1603572201
244,Kamaishi,39.27,141.88,10.68,72,44,4.61,10.68,JP,1603572201
245,Chokurdakh,70.63,147.92,-8.42,97,100,3.23,-8.42,RU,1603572202
246,Tasiilaq,65.61,-37.64,1.0,74,98,0.5,1.0,GL,1603572202
247,Port Hardy,50.7,-127.42,7.0,48,20,6.7,7.0,CA,1603572202
248,Vogan,6.33,1.53,27.0,88,20,4.6,27.0,TG,1603572202
249,Salalah,17.02,54.09,25.0,36,0,1.5,25.0,OM,1603572202
250,Trenggalek,-8.05,111.72,23.78,87,72,0.54,23.78,ID,1603572203
251,Katsuura,35.13,140.3,13.93,50,0,5.7,14.0,JP,1603572203
252,Jīnd,29.32,76.32,21.91,22,0,1.4,21.91,IN,1603572203
253,Doha,25.29,51.53,26.04,65,0,1.0,26.11,QA,1603572203
254,Lebu,-37.62,-73.65,12.59,69,43,3.63,12.59,CL,1603572203
255,Kevsala,45.8,42.69,13.43,57,0,2.87,13.43,RU,1603572204
256,North Bend,43.41,-124.22,14.41,71,75,4.6,15.56,US,1603572204
257,Mount Isa,-20.73,139.5,20.0,56,0,5.7,20.0,AU,1603572204
258,Ojinaga,29.57,-104.42,25.74,31,1,1.5,26.67,MX,1603572204
259,Barwādih,23.83,84.12,19.01,62,1,1.59,19.01,IN,1603572205
260,Sittwe,20.15,92.9,25.96,88,100,2.68,25.96,MM,1603572205
261,Arraial do Cabo,-22.97,-42.03,22.0,94,90,6.7,22.0,BR,1603572205
262,Praia,14.92,-23.51,26.0,78,100,7.2,26.0,CV,1603572205
263,São João da Barra,-21.64,-41.05,23.0,94,90,3.1,23.0,BR,1603572206
264,Cooma,-36.23,149.13,3.0,93,90,6.2,3.0,AU,1603572206
265,Galle,6.04,80.22,25.99,85,74,3.15,25.99,LK,1603572206
266,Kavieng,-2.57,150.8,28.4,69,90,1.3,28.4,PG,1603572206
267,Elko,41.0,-115.5,16.55,23,1,9.3,17.0,US,1603572206
268,Caraballeda,10.61,-66.85,27.92,75,84,4.45,27.92,VE,1603572207
269,Samarai,-10.62,150.67,26.54,81,79,2.34,26.54,PG,1603572207
270,Powell,40.16,-83.08,9.21,66,90,5.1,10.0,US,1603572207
271,Constantine,36.37,6.61,12.0,81,20,1.0,12.0,DZ,1603572207
272,Yerbogachën,61.28,108.01,-4.46,97,100,1.4,-4.46,RU,1603572208
273,Mirzāpur,25.15,82.58,22.5,42,0,1.51,22.5,IN,1603572208
274,East London,-33.02,27.91,21.01,83,1,0.44,21.01,ZA,1603572208
275,Sayansk,54.11,102.16,1.65,97,100,7.36,1.65,RU,1603572208
276,Sembakung,3.82,117.25,24.07,96,100,0.61,24.07,ID,1603572208
277,Provideniya,64.38,-173.3,1.01,89,76,6.8,1.01,RU,1603572208
278,Aktash,50.3,87.73,-14.23,92,79,1.74,-14.23,RU,1603572209
279,Bud,39.45,-86.18,11.08,50,1,4.1,11.11,US,1603572209
280,Road Town,18.42,-64.62,29.31,74,40,6.2,30.0,VG,1603572189
281,Alofi,-19.06,-169.92,26.0,78,75,7.7,26.0,NU,1603572209
282,Egvekinot,66.32,-179.17,-5.63,96,15,3.99,-5.63,RU,1603572210
283,Thinadhoo,0.53,72.93,28.37,76,55,4.93,28.37,MV,1603572210
284,Miyang,24.4,103.44,12.43,86,59,0.6,12.43,CN,1603572210
285,Waddān,29.16,16.14,18.13,42,0,2.47,18.13,LY,1603572210
286,High Prairie,55.43,-116.49,-6.07,87,78,4.15,-6.07,CA,1603572005
287,Chifeng,42.27,118.96,5.49,57,100,2.28,5.49,CN,1603572211
288,Choya,52.01,86.55,-6.29,93,81,2.03,-6.29,RU,1603572211
289,Ibotirama,-12.19,-43.22,30.52,36,100,1.52,30.52,BR,1603572211
290,Bloomfield,40.81,-74.19,18.85,49,90,3.1,21.0,US,1603572181
291,Shujaabad,29.88,71.29,20.0,72,0,1.54,20.0,PK,1603572212
292,Barcelos,41.54,-8.62,14.75,100,90,9.8,16.0,PT,1603572212
293,Hofn,64.25,-15.21,6.02,87,100,12.47,6.02,IS,1603572213
294,Meulaboh,4.14,96.13,23.27,95,100,2.82,23.27,ID,1603572213
295,Mahébourg,-20.41,57.7,23.0,78,75,5.1,23.0,MU,1603572213
296,Vilhena,-12.74,-60.15,30.87,49,81,1.1,30.87,BR,1603572214
297,Naze,28.37,129.48,22.0,60,75,6.2,22.0,JP,1603572214
298,Chui,-33.7,-53.46,19.4,88,23,3.39,19.4,UY,1603572214
299,Redcar,54.62,-1.06,8.0,91,100,2.24,8.33,GB,1603572215
300,Khatīma,28.92,79.97,18.6,50,0,1.93,18.6,IN,1603572215
301,Nyurba,63.28,118.33,-5.78,95,76,2.63,-5.78,RU,1603572215
302,Divnogorsk,55.96,92.36,-2.0,74,40,3.0,-2.0,RU,1603572215
303,Klaksvík,62.23,-6.59,8.0,81,0,7.7,8.0,FO,1603572216
304,Aklavik,68.22,-135.01,-9.0,85,75,1.0,-9.0,CA,1603572216
305,Coquimbo,-29.95,-71.34,14.0,76,90,4.6,14.0,CL,1603571964
306,Kasempa,-13.46,25.83,20.77,28,96,1.74,20.77,ZM,1603572216
307,Acajutla,13.59,-89.83,28.28,58,40,1.5,31.0,SV,1603572217
308,Cockburn Town,21.46,-71.14,30.0,66,40,6.2,30.0,TC,1603572188
309,Scarborough,54.28,-0.4,8.46,93,100,1.7,8.89,GB,1603572217
310,Verkhoyansk,67.54,133.38,-12.51,87,0,4.22,-12.51,RU,1603572217
311,Soyo,-6.13,12.37,25.16,83,72,3.78,25.16,AO,1603572218
312,Atambua,-9.11,124.89,24.03,88,18,0.61,24.03,ID,1603572218
313,Kwang Binh,17.48,106.6,22.26,71,100,5.43,22.26,VN,1603572218
314,Padang,-0.95,100.35,25.39,79,100,1.33,25.39,ID,1603572218
315,Jaguarari,-10.26,-40.2,26.23,48,52,2.79,26.23,BR,1603572219
316,Vostok,46.49,135.88,-2.35,100,100,2.12,-2.35,RU,1603572219
317,Ilulissat,69.22,-51.1,-5.0,62,51,2.1,-5.0,GL,1603572219
318,Logroño,42.47,-2.45,11.6,81,40,1.5,12.78,ES,1603572219
319,Sitka,57.05,-135.33,5.0,44,40,0.31,5.0,US,1603572220
320,Bathsheba,13.22,-59.52,30.0,70,40,8.7,30.0,BB,1603572220
321,Manuk Mangkaw,4.8,119.85,27.56,76,100,0.48,27.56,PH,1603572220
322,Itzehoe,53.92,9.52,12.58,90,94,3.13,12.78,DE,1603572220
323,Goundam,16.41,-3.67,32.02,11,0,4.88,32.02,ML,1603572221
324,Steinbach am Taunus,50.17,8.57,13.83,71,75,3.6,15.0,DE,1603572221
325,Megion,61.03,76.11,-5.0,85,90,2.0,-5.0,RU,1603572221
326,West Wendover,40.74,-114.07,13.0,17,1,3.1,13.0,US,1603572221
327,Vallenar,-28.57,-70.76,23.28,35,0,3.58,23.28,CL,1603572221
328,Kiama,-34.68,150.87,12.79,89,98,0.45,13.89,AU,1603572222
329,Riyadh,24.69,46.72,20.0,28,0,1.0,20.0,SA,1603572120
330,Puqi,29.72,113.88,15.45,62,100,1.01,15.45,CN,1603572222
331,Am Timan,11.03,20.28,26.41,24,80,1.07,26.41,TD,1603572222
332,Tianpeng,30.99,103.94,19.25,1,100,1.26,20.0,CN,1603572222
333,Kupang,-10.17,123.58,26.03,80,83,1.52,26.03,ID,1603572223
334,Tshikapa,-6.42,20.8,22.56,90,86,0.73,22.56,CD,1603572223
335,El Salvador,13.83,-88.92,27.03,94,40,3.1,30.0,SV,1603572223
336,Yayva,59.33,57.26,-0.56,96,100,2.56,-0.56,RU,1603572223
337,Robertsport,6.75,-11.37,26.69,80,50,3.37,26.69,LR,1603572223
338,Raahe,64.68,24.48,2.12,72,75,4.1,3.0,FI,1603572224
339,Krasnoslobodsk,48.71,44.57,13.45,82,0,3.0,13.89,RU,1603572224
340,Sungai Penuh,-2.08,101.38,18.77,94,100,0.62,18.77,ID,1603572224
341,Shubarkuduk,49.14,56.49,9.0,68,86,5.77,9.0,KZ,1603572068
342,Navalmoral de la Mata,39.89,-5.54,12.78,73,56,1.79,12.78,ES,1603572224
343,Santa Cruz de la Sierra,-17.8,-63.17,35.62,39,75,7.7,36.0,BO,1603572225
344,Nelson Bay,-32.72,152.15,16.26,100,90,7.7,16.67,AU,1603571963
345,Mehrān,33.12,46.16,14.0,19,0,3.1,14.0,IR,1603572225
346,Umluj,25.02,37.27,28.46,35,0,3.62,28.46,SA,1603572225
347,Hagerstown,39.64,-77.72,16.62,59,90,4.6,17.0,US,1603572225
348,Falmouth,50.15,-5.07,9.65,87,71,5.1,10.0,GB,1603572226
349,Dorado,18.46,-66.27,29.58,70,40,6.7,31.0,PR,1603572226
350,Canutama,-6.53,-64.38,32.57,54,71,1.34,32.57,BR,1603572226
351,Isangel,-19.55,169.27,25.4,70,4,5.35,25.4,VU,1603572226
352,Mareeba,-17.0,145.43,22.11,83,85,1.0,23.33,AU,1603572226
353,Shellbrook,53.22,-106.4,-5.0,79,90,4.1,-5.0,CA,1603572227
354,Matara,5.95,80.54,25.1,88,70,3.25,25.1,LK,1603572227
355,St. George's,12.06,-61.75,31.0,70,40,8.2,31.0,GD,1603572227
356,Tipperary,52.47,-8.16,7.72,70,20,7.7,9.0,IE,1603572227
357,Rosdorf,51.5,9.9,12.23,82,84,1.34,13.33,DE,1603572227
358,Zaozyornoye,45.16,33.28,18.75,84,100,2.98,18.75,UA,1603572228
359,Saint-François,46.42,3.91,8.67,93,0,2.1,9.44,FR,1603572228
360,Fukuechō,32.69,128.84,17.18,63,0,7.18,17.18,JP,1603572228
361,Burns Lake,54.23,-125.75,-1.6,81,0,0.87,-1.6,CA,1603572127
362,Fortuna,40.6,-124.16,14.72,71,90,6.2,15.56,US,1603572228
363,Puerto Rondón,6.28,-71.1,28.33,81,96,1.75,28.33,CO,1603572229
364,Ust-Nera,64.57,143.2,-7.96,91,98,2.09,-7.96,RU,1603572229
365,Coyhaique,-45.58,-72.07,15.0,41,40,2.1,15.0,CL,1603572229
366,Cukai,4.25,103.42,25.0,94,76,1.0,25.0,MY,1603572229
367,Yilan,24.76,121.75,20.89,73,75,6.2,22.0,TW,1603572229
368,San Cristobal,7.77,-72.22,33.0,52,40,6.7,33.0,VE,1603572230
369,Zhigansk,66.77,123.37,-6.09,96,100,10.41,-6.09,RU,1603572230
370,San Patricio,28.02,-97.52,22.35,49,90,3.6,22.78,US,1603572230
371,Bosaso,11.28,49.18,26.25,44,1,2.67,26.25,SO,1603572230
372,Monrovia,6.3,-10.8,26.0,94,20,2.25,26.0,LR,1603572017
373,Aksarka,66.56,67.8,-12.52,95,9,1.62,-12.52,RU,1603572231
374,Damāvand,35.72,52.06,15.0,41,0,2.1,15.0,IR,1603572231
375,Goderich,43.75,-81.72,6.66,79,50,5.56,8.33,CA,1603572231
376,Tamandaré,-8.76,-35.1,25.0,81,45,3.98,25.0,BR,1603572231
377,Belyy Yar,53.6,91.39,-2.0,63,0,5.0,-2.0,RU,1603572231
378,Preobrazheniye,42.9,133.91,4.08,71,3,7.22,4.08,RU,1603572232
379,Severo-Kuril'sk,50.68,156.12,8.3,91,100,13.05,8.3,RU,1603572232
380,Dabat,12.98,37.77,12.43,74,1,1.51,12.43,ET,1603572232
381,Koygorodok,60.45,51.0,1.22,91,99,3.54,1.22,RU,1603572233
382,La Santisima Trinidad,-14.83,-64.9,37.0,42,20,6.2,37.0,BO,1603572233
383,Traverse City,44.76,-85.62,4.56,65,90,4.1,5.0,US,1603572234
384,Yulara,-25.24,130.99,15.0,47,0,5.1,15.0,AU,1603572234
385,Dudinka,69.41,86.18,-11.0,92,75,6.0,-11.0,RU,1603572234
386,Mayumba,-3.43,10.66,25.08,88,99,3.9,25.08,GA,1603572235
387,Acará,-1.96,-48.2,28.82,65,94,1.87,28.82,BR,1603572235
388,Ixtapa,20.7,-105.2,31.83,70,20,5.1,32.0,MX,1603572235
389,San Ramon,37.78,-121.98,19.31,59,1,4.6,21.11,US,1603572105
390,Dingle,11.0,122.67,23.41,89,92,0.96,23.41,PH,1603572236
391,Mossamedes,-15.2,12.15,20.42,79,83,2.46,20.42,AO,1603572236
392,Minas Novas,-17.22,-42.59,21.25,85,100,1.96,21.25,BR,1603572236
393,Akivīdu,16.6,81.38,24.17,84,89,1.44,24.17,IN,1603572236
394,Ibrā’,22.69,58.53,20.2,25,0,2.57,20.2,OM,1603572236
395,Grindavik,63.84,-22.43,6.0,75,75,13.9,6.0,IS,1603572237
396,Vysokogornyy,50.12,139.15,1.6,93,100,2.87,1.6,RU,1603572237
397,Lagoa,39.05,-27.98,18.95,81,89,8.5,18.95,PT,1603572237
398,Sawākin,19.11,37.33,27.11,75,0,2.45,27.11,SD,1603572237
399,Dniprovka,47.43,34.62,15.82,60,98,3.11,15.82,UA,1603572238
400,Santa Rosa,14.31,121.11,25.48,94,75,1.0,26.0,PH,1603572238
401,Broome,42.25,-75.83,6.85,70,90,4.6,8.33,US,1603572238
402,Anadyr,64.75,177.48,-7.0,100,75,1.0,-7.0,RU,1603572238
403,Beloomut,54.94,39.34,8.33,75,100,2.63,8.33,RU,1603572238
404,Rio Grande,-32.03,-52.1,22.78,82,48,2.68,22.78,BR,1603572239
405,Kismayo,-0.36,42.55,26.49,83,98,5.41,26.49,SO,1603572239
406,Marsh Harbour,26.54,-77.06,26.88,79,94,5.62,26.88,BS,1603572239
407,Soto la Marina,23.77,-98.22,31.11,65,21,2.68,31.11,MX,1603572239
408,Yar-Sale,66.83,70.83,-8.46,96,75,2.2,-8.46,RU,1603572239
409,Ugoofaaru,5.67,73.0,28.25,73,100,4.28,28.25,MV,1603572240
410,Natal,-5.79,-35.21,27.0,74,20,4.6,27.0,BR,1603572219
411,Woodstock,43.13,-80.75,7.05,70,75,4.1,7.78,CA,1603572048
412,Sept-Îles,50.2,-66.38,7.0,65,75,4.6,7.0,CA,1603572240
413,Victor Harbor,-35.57,138.62,11.11,78,89,0.89,11.11,AU,1603572240
414,Kirksville,40.19,-92.58,6.0,60,90,4.1,6.0,US,1603572205
415,Avera,33.19,-82.53,26.89,58,40,1.5,28.0,US,1603572241
416,Alihe,50.57,123.72,-1.82,94,0,1.72,-1.82,CN,1603572241
417,Talcahuano,-36.72,-73.12,13.0,76,75,2.6,13.0,CL,1603572024
418,Isla Mujeres,21.23,-86.73,31.0,66,75,7.2,31.0,MX,1603572241
419,Pevek,69.7,170.31,-3.17,92,0,5.68,-3.17,RU,1603572242
420,Morondava,-20.28,44.28,24.08,61,23,6.13,24.08,MG,1603572242
421,Biak,-0.91,122.88,25.25,78,100,0.86,25.25,ID,1603572242
422,Quryq,43.2,51.65,15.6,91,66,4.93,15.6,KZ,1603572068
423,Pointe Michel,15.25,-61.38,30.14,52,20,4.1,31.0,DM,1603572242
424,Tazovsky,67.47,78.7,-9.49,97,95,3.32,-9.49,RU,1603572243
425,São José da Coroa Grande,-8.9,-35.15,24.99,82,37,4.29,24.99,BR,1603572243
426,Belaya Gora,68.53,146.42,-8.94,94,100,2.44,-8.94,RU,1603572243
427,Gölköy,40.69,37.62,14.0,100,0,0.5,14.0,TR,1603572243
428,Shubarshi,48.59,57.19,8.97,58,68,7.13,8.97,KZ,1603572243
429,Tromsø,69.65,18.96,3.0,88,75,8.7,3.0,NO,1603572244
430,Bago,17.34,96.48,23.44,93,92,1.15,23.44,MM,1603572244
431,Birin,26.89,88.07,14.37,100,48,0.98,14.37,NP,1603572244
432,Kurumkan,54.3,110.3,1.2,79,100,0.72,1.2,RU,1603572244
433,Hanyang,32.14,105.51,16.67,84,99,1.13,16.67,CN,1603572245
434,Muhafazat Lahij,13.17,44.58,25.29,48,10,1.79,25.29,YE,1603572245
435,Auki,-8.77,160.7,28.03,75,12,1.4,28.03,SB,1603572245
436,Atar,20.52,-13.05,32.25,21,100,4.09,32.25,MR,1603572245
437,Menzel Salem,35.86,8.48,17.0,55,40,2.6,17.0,TN,1603572245
438,Senanga,-16.12,23.27,23.85,21,69,3.52,23.85,ZM,1603572246
439,Basco,20.45,121.97,26.1,84,100,14.11,26.1,PH,1603572246
440,Ponta Delgada,37.73,-25.67,20.0,82,75,8.7,20.0,PT,1603572061
441,Pokhara,28.23,83.98,18.6,26,0,2.4,18.6,NP,1603572247
442,Mezen',65.85,44.24,-3.11,98,97,2.73,-3.11,RU,1603572247
443,Portland,45.52,-122.68,9.31,57,75,8.2,10.56,US,1603571901
444,Eureka,40.8,-124.16,14.27,73,39,2.68,14.44,US,1603572121
445,Ayan,56.45,138.17,3.64,83,100,6.61,3.64,RU,1603572248
446,Gravdal,68.12,13.5,4.94,71,0,4.35,4.94,NO,1603572248
447,Little Current,45.98,-81.92,3.18,55,20,3.1,3.33,CA,1603572248
448,Nakamura,32.98,132.93,9.26,81,0,2.0,9.26,JP,1603572248
449,Nerchinskiy Zavod,51.31,119.61,-2.43,95,0,1.37,-2.43,RU,1603572248
450,Kimamba,-6.78,37.13,24.0,83,20,3.48,24.0,TZ,1603572249
451,Nānākuli,21.39,-158.15,26.83,70,1,4.6,29.0,US,1603572249
452,Loíza,18.43,-65.88,30.36,62,40,7.7,31.0,PR,1603572249
453,Sangar,63.92,127.47,-12.31,94,18,0.4,-12.31,RU,1603572249
454,Yangi Marg`ilon,40.43,71.72,8.0,52,100,2.1,8.0,UZ,1603572249
455,Oodweyne,9.41,45.06,24.03,20,45,4.77,24.03,SO,1603572250
456,Buala,-8.14,159.59,28.17,75,1,1.6,28.17,SB,1603572250
457,Hambantota,6.12,81.12,26.01,80,95,5.98,26.01,LK,1603572250
458,Petropavlovsk-Kamchatskiy,53.05,158.65,6.0,81,90,2.0,6.0,RU,1603572250
459,Sinjār,36.32,41.88,17.32,30,0,1.66,17.32,IQ,1603572251
460,Mahbūbābād,17.62,80.02,23.27,79,26,1.04,23.27,IN,1603572251
461,Makkah al Mukarramah,21.43,39.83,26.25,43,0,1.14,26.25,SA,1603572219
462,Hervey Bay,-25.3,152.85,23.89,84,21,2.24,23.89,AU,1603572252
463,Urengoy,65.97,78.37,-9.6,95,100,4.25,-9.6,RU,1603572252
464,Vao,-22.67,167.48,22.8,81,60,6.21,22.8,NC,1603572252
465,Doaba,33.42,70.74,14.99,33,0,1.13,14.99,PK,1603572253
466,Stephenville,32.22,-98.2,14.24,54,90,1.35,14.44,US,1603572209
467,Chapayevka,47.47,36.35,14.96,87,100,3.62,14.96,UA,1603572254
468,Asău,46.43,26.4,11.67,98,100,1.13,11.67,RO,1603572254
469,Şile,41.18,29.61,17.22,80,0,1.35,17.22,TR,1603572097
470,Tura,25.52,90.22,21.51,99,64,1.35,21.51,IN,1603572255
471,Nome,64.5,-165.41,2.13,95,90,4.6,2.22,US,1603572255
472,Jilib,0.49,42.79,24.72,89,74,2.23,24.72,SO,1603572255
473,Souillac,-20.52,57.52,23.0,78,75,5.1,23.0,MU,1603572255
474,Puerto Maldonado,-12.6,-69.18,36.0,44,40,3.6,36.0,PE,1603572256
475,Santa Fe,-31.63,-60.7,30.56,50,22,1.34,30.56,AR,1603572256
476,Sola,-13.88,167.55,26.5,82,34,7.6,26.5,VU,1603572256
477,Trairi,-3.28,-39.27,26.71,78,2,5.12,26.71,BR,1603572256
478,Aberdeen,57.14,-2.1,8.76,81,67,3.6,9.0,GB,1603572256
479,Huilong,31.81,121.66,13.49,78,5,0.38,14.44,CN,1603572257
480,Kruisfontein,-34.0,24.73,17.78,82,0,0.45,17.78,ZA,1603572257
481,Arrecife,28.96,-13.55,21.0,73,20,5.1,21.0,ES,1603572140
482,Olafsvik,64.89,-23.71,5.31,75,100,19.21,5.31,IS,1603572257
483,‘Āhuimanu,21.44,-157.84,26.54,78,40,4.6,28.0,US,1603572258
484,Muscatine,41.47,-91.13,5.92,60,75,3.1,6.11,US,1603572258
485,Taunggyi,20.78,97.03,15.62,100,98,0.53,15.62,MM,1603572258
486,Cidreira,-30.18,-50.21,20.91,87,84,5.66,20.91,BR,1603572258
487,Wainwright,52.84,-110.86,-7.45,88,88,4.27,-7.45,CA,1603572259
488,Buin,-33.73,-70.75,23.11,35,20,4.6,23.33,CL,1603572259
489,Krasnosel'kup,65.7,82.47,-13.49,95,84,4.04,-13.49,RU,1603572259
490,Basoko,1.24,23.62,23.24,93,95,1.28,23.24,CD,1603572259
491,Kidal,18.44,1.41,27.88,14,0,4.8,27.88,ML,1603572259
492,Yarim,14.3,44.38,10.78,38,5,2.11,10.78,YE,1603572260
493,Murree,33.91,73.39,16.58,72,0,2.1,17.22,PK,1603572260
494,Panzhihua,26.59,101.71,16.02,71,92,0.53,16.02,CN,1603572260
495,Iracoubo,5.48,-53.2,28.35,74,61,6.06,28.35,GF,1603572260
496,Port Blair,11.67,92.75,26.86,80,56,2.51,26.86,IN,1603572068
497,Chapecó,-27.1,-52.62,21.1,83,84,0.73,21.1,BR,1603571976
498,Ozinki,51.18,49.68,9.06,85,100,1.2,9.06,RU,1603572261
499,Tankhoy,51.55,105.13,3.94,82,100,1.27,3.94,RU,1603572261
500,Prince Rupert,54.32,-130.32,5.0,30,1,3.1,5.0,CA,1603572226
501,Pemangkat,1.17,108.97,25.31,85,100,2.22,25.31,ID,1603572261
502,Maragogi,-9.01,-35.22,24.71,83,24,4.2,24.71,BR,1603572213
503,Caravelas,-17.71,-39.25,24.12,85,69,3.5,24.12,BR,1603572262
504,Çanakkale Province,40.08,26.83,17.22,87,0,0.87,21.67,TR,1603572262
505,Turan,16.07,108.22,21.0,94,75,1.5,21.0,VN,1603572175
506,Daru,-9.08,143.21,26.08,86,99,3.01,26.08,PG,1603572262
507,Udomlya,57.88,34.99,2.51,94,73,1.88,2.51,RU,1603572263
508,Bagaces,10.53,-85.25,28.0,78,40,4.6,28.0,CR,1603572263
509,Kenai,60.55,-151.26,5.72,65,90,7.7,7.0,US,1603572263
510,Bonnyville,54.27,-110.73,-5.0,57,90,5.1,-5.0,CA,1603572263
511,Gazli,40.13,63.45,7.27,57,4,3.16,7.27,UZ,1603572264
512,Kadoma,34.73,135.58,9.4,81,0,3.1,10.56,JP,1603572264
513,Khatassy,61.9,129.64,-20.0,83,0,2.0,-20.0,RU,1603572264
514,Berlevåg,70.86,29.09,3.69,76,100,9.26,3.69,NO,1603572264
515,Hanover,52.37,9.73,14.48,76,75,4.1,15.0,DE,1603572265
516,Smolenka,52.14,113.5,-5.0,85,96,2.0,-5.0,RU,1603572265
517,Paris,48.85,2.35,14.33,82,90,7.7,15.0,FR,1603572008
518,Seydi,39.48,62.91,8.82,52,36,3.15,8.82,TM,1603572265
519,Santa Maria,-29.68,-53.81,26.85,65,76,1.29,26.85,BR,1603572266
520,Baghdad,33.34,44.4,19.0,39,0,1.0,19.0,IQ,1603572266
521,Mānsa,29.98,75.38,19.88,25,0,1.61,19.88,IN,1603572266
522,Vardø,70.37,31.11,3.95,78,100,10.98,3.95,NO,1603572266
523,Alugan,12.22,125.48,25.83,89,100,5.31,25.83,PH,1603572267
524,Thai Binh,20.45,106.33,24.0,60,90,2.1,24.0,VN,1603572267
525,Suwannaphum,15.6,103.8,18.91,79,85,2.74,18.91,TH,1603572267
526,Rio Verde de Mato Grosso,-18.92,-54.84,31.45,52,40,1.42,31.45,BR,1603572267
527,Lawton,34.61,-98.39,13.3,43,1,2.1,13.89,US,1603572121
528,Westport,41.14,-73.36,16.45,72,90,4.1,18.0,US,1603572183
529,Mionica,44.87,18.46,10.99,100,75,0.5,12.78,BA,1603572268
530,Necochea,-38.55,-58.74,16.93,89,22,6.15,16.93,AR,1603572268
531,Omsukchan,62.53,155.8,-2.99,93,53,1.48,-2.99,RU,1603572268
532,Jiazi,22.88,116.07,20.29,63,99,9.0,20.29,CN,1603572268
533,Savelugu,9.62,-0.83,27.85,50,75,1.56,27.85,GH,1603572269
534,Rivera,-30.91,-55.55,25.05,78,9,3.13,25.05,UY,1603572269
535,Valente,-11.41,-39.46,27.58,51,66,3.78,27.58,BR,1603572269
536,Tegul'det,57.31,88.17,-3.59,95,63,3.49,-3.59,RU,1603572269
537,Phan Thiet,10.93,108.1,23.74,85,82,0.97,23.74,VN,1603572269
538,Bathurst,-33.42,149.58,12.22,99,100,0.45,12.22,AU,1603572270
539,Wolbrom,50.38,19.76,9.25,98,0,1.18,10.0,PL,1603572270
540,Pacific Grove,36.62,-121.92,19.59,63,75,1.5,20.0,US,1603572270
541,Ballina,-28.87,153.57,19.97,94,6,2.6,21.67,AU,1603572270
542,Kartaly,53.05,60.65,6.57,91,75,6.04,6.57,RU,1603572270
543,Lira,2.23,32.91,18.82,95,25,1.37,18.82,UG,1603572271
544,Alekseyevsk,57.84,108.35,1.43,91,100,3.5,1.43,RU,1603572271
545,Fraga,41.52,0.35,11.64,76,0,1.5,12.78,ES,1603572271
546,La Palma,33.85,-118.05,21.24,64,90,3.1,22.22,US,1603572271
547,Santa Cruz Cabrália,-16.28,-39.02,26.0,74,40,6.7,26.0,BR,1603572272
548,Srīvardhan,18.03,73.02,25.19,88,66,2.72,25.19,IN,1603572272
549,El Batey,19.77,-70.52,32.0,75,20,8.2,32.0,DO,1603572273
550,Cabra,37.47,-4.44,13.89,80,0,1.31,13.89,ES,1603572273
551,Port-Cartier,50.03,-66.87,7.0,65,75,4.6,7.0,CA,1603572273
552,Prado,-17.34,-39.22,24.57,85,99,4.4,24.57,BR,1603572274
553,Chara,56.91,118.26,-6.08,90,8,0.39,-6.08,RU,1603572274
554,Kampot,10.62,104.18,24.0,94,20,0.94,24.0,KH,1603572274
555,Cayenne,4.93,-52.33,30.0,70,0,4.6,30.0,GF,1603572275
556,Puerto Escondido,15.85,-97.07,30.0,66,75,2.1,30.0,MX,1603572275
557,Havøysund,71.0,24.66,3.0,93,100,8.2,3.0,NO,1603572276
558,Mola di Bari,41.06,17.09,15.45,93,0,2.6,16.0,IT,1603572276
559,Arlit,18.74,7.39,27.57,14,0,5.17,27.57,NE,1603572276
560,Makaleng,-20.9,27.28,24.15,32,1,3.73,24.15,BW,1603572276
561,Sergeevka,53.88,67.42,0.95,96,100,8.34,0.95,KZ,1603572276
562,Businga,3.33,20.88,22.6,96,100,0.98,22.6,CD,1603572277
563,Muli,2.92,73.57,27.97,78,39,4.16,27.97,MV,1603572277
564,Bonthe,7.53,-12.51,26.41,81,88,1.93,26.41,SL,1603572277
565,Vrangel',42.73,133.08,6.5,61,0,7.55,6.5,RU,1603572277
566,Ewing,40.27,-74.8,18.78,68,90,4.1,20.0,US,1603572278
567,Boa Vista,2.82,-60.67,35.0,39,20,3.6,35.0,BR,1603572278
568,Tilichiki,60.47,166.1,-1.84,97,27,1.68,-1.84,RU,1603572278
569,Pangnirtung,66.15,-65.71,-6.91,91,96,1.78,-6.91,CA,1603572278
570,Maceió,-9.67,-35.74,26.0,78,20,5.7,26.0,BR,1603572279
571,Peniche,39.36,-9.38,16.48,88,97,6.26,16.67,PT,1603572279
572,Hobyo,5.35,48.53,26.2,80,94,7.15,26.2,SO,1603572279
573,Merrill,45.18,-89.68,0.43,95,40,2.6,1.0,US,1603572279
574,Peleduy,59.63,112.74,0.0,97,100,0.89,0.0,RU,1603572279
575,Dérac,19.65,-71.82,29.63,66,90,4.54,29.63,HT,1603572280
576,Brits,-25.63,27.78,19.66,60,52,2.1,20.0,ZA,1603572280
577,Yumen,40.28,97.2,4.95,60,100,3.85,4.95,CN,1603572280
578,Husavik,66.04,-17.34,5.0,75,90,8.7,5.0,IS,1603572280
579,Vestmannaeyjar,63.44,-20.27,7.95,63,94,11.79,7.95,IS,1603572227
580,Albanel,48.88,-72.45,3.0,64,75,7.7,3.0,CA,1603572281
581,Orsha,54.52,30.41,6.26,95,58,3.33,6.26,BY,1603572281
582,Khani,41.96,42.96,9.0,100,0,2.1,9.0,GE,1603572281
583,Adrar,20.5,-10.07,32.86,11,100,2.7,32.86,MR,1603572281
584,Dondo,-19.61,34.74,22.89,88,20,3.1,23.0,MZ,1603572281
585,Rudnichnyy,59.62,52.47,1.74,90,100,4.34,1.74,RU,1603572282
586,Pasco,28.29,-82.42,30.27,57,6,1.34,31.11,US,1603572282
587,Malyn,50.77,29.24,14.0,82,82,4.0,14.0,UA,1603572282
588,Ancud,-41.87,-73.82,7.95,87,75,4.6,11.11,CL,1603572282
589,Witu,-2.39,40.44,26.0,83,1,2.6,26.0,KE,1603572282
590,Bilma,18.69,12.92,23.48,18,0,2.11,23.48,NE,1603572283
591,Rudabánya,48.38,20.63,12.63,93,75,1.5,13.0,HU,1603572283
592,Mayo,38.89,-76.51,22.5,69,75,4.1,23.33,US,1603572283
593,Tungor,53.38,142.96,4.03,92,0,1.75,4.03,RU,1603572283
594,Kaoma,-14.78,24.8,22.18,24,80,3.55,22.18,ZM,1603572283
595,Tayginka,55.62,60.51,5.28,91,100,3.28,5.28,RU,1603572284
596,Youkounkoun,12.53,-13.13,27.44,51,5,0.06,27.44,GN,1603572284
597,Cañon City,38.44,-105.24,23.35,9,1,11.8,27.0,US,1603572284
598,Bara,10.37,10.73,26.34,33,90,2.23,26.34,NG,1603572284
599,Qeshm,26.96,56.27,24.5,62,0,2.1,25.0,IR,1603572284
